"","X","mc","theta","sensit","resCri","f","h","r1_c","r1_m","r0_c","r0_m","goodPar"
"1",1,6,15,-0.0333323906701153,1.17514997634634,0.123333333333333,0.116666666666667,35,37,265,263,"bad"
"2",2,12,15,0.195833142386726,2.03012866299162,0.0166666666666667,0.0266666666666667,8,5,292,295,"bad"
"3",3,18,15,-0.238312239253233,2.5938957688461,0.00666666666666667,0.00333333333333333,1,2,299,298,"bad"
"4",4,24,15,0,2.93519946886671,0.00166666666666667,0.00166666666666667,0,0,300,300,"bad"
"5",5,30,15,0,2.93519946886671,0.00166666666666667,0.00166666666666667,0,0,300,300,"bad"
"6",6,36,15,0,2.93519946886671,0.00166666666666667,0.00166666666666667,0,0,300,300,"bad"
"7",7,42,15,0,2.93519946886671,0.00166666666666667,0.00166666666666667,0,0,300,300,"bad"
"8",8,48,15,0,2.93519946886671,0.00166666666666667,0.00166666666666667,0,0,300,300,"bad"
"9",9,54,15,0,2.93519946886671,0.00166666666666667,0.00166666666666667,0,0,300,300,"bad"
"10",10,60,15,0,2.93519946886671,0.00166666666666667,0.00166666666666667,0,0,300,300,"bad"
"11",11,66,15,0,2.93519946886671,0.00166666666666667,0.00166666666666667,0,0,300,300,"bad"
"12",12,72,15,0,2.93519946886671,0.00166666666666667,0.00166666666666667,0,0,300,300,"bad"
"13",13,78,15,0,2.93519946886671,0.00166666666666667,0.00166666666666667,0,0,300,300,"bad"
"14",14,84,15,0,2.93519946886671,0.00166666666666667,0.00166666666666667,0,0,300,300,"bad"
"15",15,90,15,0,2.93519946886671,0.00166666666666667,0.00166666666666667,0,0,300,300,"bad"
"16",16,96,15,0,2.93519946886671,0.00166666666666667,0.00166666666666667,0,0,300,300,"bad"
"17",17,102,15,0,2.93519946886671,0.00166666666666667,0.00166666666666667,0,0,300,300,"bad"
"18",18,108,15,0,2.93519946886671,0.00166666666666667,0.00166666666666667,0,0,300,300,"bad"
"19",19,114,15,0,2.93519946886671,0.00166666666666667,0.00166666666666667,0,0,300,300,"bad"
"20",20,120,15,0,2.93519946886671,0.00166666666666667,0.00166666666666667,0,0,300,300,"bad"
"21",21,6,30,0.0094264727188651,-0.491137110988021,0.686666666666667,0.69,207,206,93,94,"bad"
"22",22,12,30,0.341277671748335,0.695039348582208,0.193333333333333,0.3,90,58,210,242,"bad"
"23",23,18,30,0.314129999442899,1.12448656582315,0.1,0.166666666666667,50,30,250,270,"bad"
"24",24,24,30,0.412468127189146,1.5070153380335,0.0433333333333333,0.0966666666666667,29,13,271,287,"bad"
"25",25,30,30,0.544658449958651,1.85571600920566,0.0166666666666667,0.0566666666666667,17,5,283,295,"bad"
"26",26,36,30,0.492433238224927,2.08013125492838,0.01,0.0333333333333333,10,3,290,297,"bad"
"27",27,42,30,0.258376869995086,2.34555121422194,0.00666666666666667,0.0133333333333333,4,2,296,298,"bad"
"28",28,48,30,0.148391775178644,2.40054376163016,0.00666666666666667,0.01,3,2,297,298,"bad"
"29",29,54,30,0,2.71305188847272,0.00333333333333333,0.00333333333333333,1,1,299,299,"bad"
"30",30,60,30,0,2.93519946886671,0.00166666666666667,0.00166666666666667,0,0,300,300,"bad"
"31",31,66,30,0,2.93519946886671,0.00166666666666667,0.00166666666666667,0,0,300,300,"bad"
"32",32,72,30,0,2.93519946886671,0.00166666666666667,0.00166666666666667,0,0,300,300,"bad"
"33",33,78,30,0,2.93519946886671,0.00166666666666667,0.00166666666666667,0,0,300,300,"bad"
"34",34,84,30,0,2.93519946886671,0.00166666666666667,0.00166666666666667,0,0,300,300,"bad"
"35",35,90,30,0,2.93519946886671,0.00166666666666667,0.00166666666666667,0,0,300,300,"bad"
"36",36,96,30,0,2.93519946886671,0.00166666666666667,0.00166666666666667,0,0,300,300,"bad"
"37",37,102,30,0,2.93519946886671,0.00166666666666667,0.00166666666666667,0,0,300,300,"bad"
"38",38,108,30,0,2.93519946886671,0.00166666666666667,0.00166666666666667,0,0,300,300,"bad"
"39",39,114,30,0,2.93519946886671,0.00166666666666667,0.00166666666666667,0,0,300,300,"bad"
"40",40,120,30,0,2.93519946886671,0.00166666666666667,0.00166666666666667,0,0,300,300,"bad"
"41",41,6,45,-0.460459819647217,-2.70496955904309,0.998333333333333,0.993333333333333,298,300,2,0,"bad"
"42",42,12,45,0.266612034241519,-0.343734411368684,0.583333333333333,0.683333333333333,205,175,95,125,"bad"
"43",43,18,45,0.440780778635131,0.228745914121859,0.326666666666667,0.496666666666667,149,98,151,202,"bad"
"44",44,24,45,0.495129164260378,0.606023375381383,0.196666666666667,0.36,108,59,192,241,"bad"
"45",45,30,45,0.483045723645883,0.884868267215859,0.13,0.26,78,39,222,261,"bad"
"46",46,36,45,0.626630471822797,1.24145835868545,0.06,0.176666666666667,53,18,247,282,"bad"
"47",47,42,45,0.611707687930978,1.62635824783277,0.0266666666666667,0.0933333333333333,28,8,272,292,"bad"
"48",48,48,45,0.434539396286471,1.77204329274009,0.0233333333333333,0.06,18,7,282,293,"bad"
"49",49,54,45,0.449974715964076,1.90305787620295,0.0166666666666667,0.0466666666666667,14,5,286,295,"bad"
"50",50,60,45,0.492433238224927,2.08013125492838,0.01,0.0333333333333333,10,3,290,297,"bad"
"51",51,66,45,0.109985094816442,2.27135532663262,0.01,0.0133333333333333,4,3,296,297,"bad"
"52",52,72,45,-0.238312239253233,2.5938957688461,0.00666666666666667,0.00333333333333333,1,2,299,298,"bad"
"53",53,78,45,0.222147580393988,2.82412567866971,0.00166666666666667,0.00333333333333333,1,0,299,300,"bad"
"54",54,84,45,0.222147580393988,2.82412567866971,0.00166666666666667,0.00333333333333333,1,0,299,300,"bad"
"55",55,90,45,0,2.93519946886671,0.00166666666666667,0.00166666666666667,0,0,300,300,"bad"
"56",56,96,45,0,2.93519946886671,0.00166666666666667,0.00166666666666667,0,0,300,300,"bad"
"57",57,102,45,0,2.93519946886671,0.00166666666666667,0.00166666666666667,0,0,300,300,"bad"
"58",58,108,45,0,2.93519946886671,0.00166666666666667,0.00166666666666667,0,0,300,300,"bad"
"59",59,114,45,0,2.93519946886671,0.00166666666666667,0.00166666666666667,0,0,300,300,"bad"
"60",60,120,45,0,2.93519946886671,0.00166666666666667,0.00166666666666667,0,0,300,300,"bad"
"61",61,6,60,0,-2.9351994688667,0.998333333333333,0.998333333333333,300,300,0,0,"bad"
"62",62,12,60,0.362957422915458,-1.37329488313912,0.883333333333333,0.94,282,265,18,35,"bad"
"63",63,18,60,0.555955398748625,-0.505522676015462,0.59,0.783333333333333,235,177,65,123,"bad"
"64",64,24,60,0.630463550112828,-0.0791037570444086,0.406666666666667,0.653333333333333,196,122,104,178,"bad"
"65",65,30,60,0.730057033554601,0.247784474239327,0.27,0.546666666666667,164,81,136,219,"bad"
"66",66,36,60,0.739277671773603,0.520608051383579,0.186666666666667,0.44,132,56,168,244,"bad"
"67",67,42,60,0.851121344593599,0.766255499384595,0.116666666666667,0.366666666666667,110,35,190,265,"bad"
"68",68,48,60,0.835083299577942,1.01031427048689,0.0766666666666667,0.276666666666667,83,23,217,277,"bad"
"69",69,54,60,0.883869698462521,1.20291877772021,0.05,0.223333333333333,67,15,233,285,"bad"
"70",70,60,60,0.872789776200941,1.3142911831517,0.04,0.19,57,12,243,288,"bad"
"71",71,66,60,0.86674954745388,1.49883731807132,0.0266666666666667,0.143333333333333,43,8,257,292,"bad"
"72",72,72,60,0.861932738950428,1.62278254115661,0.02,0.116666666666667,35,6,265,294,"bad"
"73",73,78,60,1.09174552211885,1.92886688816006,0.00666666666666667,0.0833333333333333,25,2,275,298,"bad"
"74",74,84,60,0.998948621040314,1.97526533869933,0.00666666666666667,0.07,21,2,279,298,"bad"
"75",75,90,60,0.796669130998576,2.0764050837202,0.00666666666666667,0.0466666666666667,14,2,286,298,"bad"
"76",76,96,60,0.608851594825865,2.63077367145377,0.00166666666666667,0.01,3,0,297,300,"bad"
"77",77,102,60,0,2.93519946886671,0.00166666666666667,0.00166666666666667,0,0,300,300,"bad"
"78",78,108,60,0,2.93519946886671,0.00166666666666667,0.00166666666666667,0,0,300,300,"bad"
"79",79,114,60,0,2.93519946886671,0.00166666666666667,0.00166666666666667,0,0,300,300,"bad"
"80",80,120,60,0,2.93519946886671,0.00166666666666667,0.00166666666666667,0,0,300,300,"bad"
"81",81,6,75,0,-2.9351994688667,0.998333333333333,0.998333333333333,300,300,0,0,"bad"
"82",82,12,75,-0.238312239253239,-2.5938957688461,0.996666666666667,0.993333333333333,298,299,2,1,"bad"
"83",83,18,75,0.608420237457682,-1.34064350822263,0.85,0.95,285,255,15,45,"bad"
"84",84,24,75,0.800024987760086,-0.758471287131237,0.64,0.876666666666667,263,192,37,108,"bad"
"85",85,30,75,0.86141764900042,-0.33027510398874,0.46,0.776666666666667,233,138,67,162,"bad"
"86",86,36,75,0.98411201885113,-0.0613287101301076,0.333333333333333,0.71,213,100,87,200,"bad"
"87",87,42,75,0.931748291058344,0.229746127517166,0.243333333333333,0.593333333333333,178,73,122,227,"bad"
"88",88,48,75,1.00084950093196,0.466996815635723,0.166666666666667,0.513333333333333,154,50,146,250,"good"
"89",89,54,75,1.01561680767832,0.701181649731763,0.113333333333333,0.423333333333333,127,34,173,266,"good"
"90",90,60,75,0.924444665930251,0.838558941473801,0.0966666666666667,0.353333333333333,106,29,194,271,"bad"
"91",91,66,75,0.91739476962519,0.992709237994697,0.0733333333333333,0.296666666666667,89,22,211,278,"bad"
"92",92,72,75,1.16987769272156,1.24897578945513,0.0333333333333333,0.253333333333333,76,10,224,290,"bad"
"93",93,78,75,1.00289731310002,1.37934495160124,0.03,0.19,57,9,243,291,"bad"
"94",94,84,75,1.0916118446912,1.58223931183939,0.0166666666666667,0.15,45,5,255,295,"bad"
"95",95,90,75,0.901517114148374,1.6772866771108,0.0166666666666667,0.11,33,5,267,295,"bad"
"96",96,96,75,0.377359162932815,1.93936565271858,0.0166666666666667,0.04,12,5,288,295,"bad"
"97",97,102,75,-0.460459819647221,2.70496955904309,0.00666666666666667,0.00166666666666667,0,2,300,298,"bad"
"98",98,108,75,-0.222147580393988,2.82412567866971,0.00333333333333333,0.00166666666666667,0,1,300,299,"bad"
"99",99,114,75,-0.222147580393988,2.82412567866971,0.00333333333333333,0.00166666666666667,0,1,300,299,"bad"
"100",100,120,75,0,2.93519946886671,0.00166666666666667,0.00166666666666667,0,0,300,300,"bad"
"101",101,6,90,0,-2.9351994688667,0.998333333333333,0.998333333333333,300,300,0,0,"bad"
"102",102,12,90,0,-2.9351994688667,0.998333333333333,0.998333333333333,300,300,0,0,"bad"
"103",103,18,90,0.724053577967312,-2.11271286023583,0.96,0.993333333333333,298,288,2,12,"bad"
"104",104,24,90,0.691624243100943,-1.48810251426544,0.873333333333333,0.966666666666667,290,262,10,38,"bad"
"105",105,30,90,1.12468579866524,-1.11572761888829,0.71,0.953333333333333,286,213,14,87,"bad"
"106",106,36,90,1.28533260783835,-0.785189616356687,0.556666666666667,0.923333333333333,277,167,23,133,"good"
"107",107,42,90,1.35136095684695,-0.499306313642614,0.43,0.88,264,129,36,171,"good"
"108",108,48,90,1.42749840498156,-0.227325327862194,0.313333333333333,0.826666666666667,248,94,52,206,"good"
"109",109,54,90,1.53607639816899,0.0617356362444085,0.203333333333333,0.76,228,61,72,239,"good"
"110",110,60,90,1.48529277566012,0.265605959340618,0.156666666666667,0.683333333333333,205,47,95,253,"good"
"111",111,66,90,1.48923394369941,0.430369820216385,0.12,0.623333333333333,187,36,113,264,"good"
"112",112,72,90,1.60992098308155,0.696125454503247,0.0666666666666667,0.543333333333333,163,20,137,280,"good"
"113",113,78,90,1.49388441145469,0.897911421224125,0.05,0.44,132,15,168,285,"good"
"114",114,84,90,1.41441394466125,1.0835435808393,0.0366666666666667,0.353333333333333,106,11,194,289,"bad"
"115",115,90,90,1.2681751487039,1.29812451744631,0.0266666666666667,0.253333333333333,76,8,224,292,"bad"
"116",116,96,90,0.631430817359332,1.61649668311859,0.0266666666666667,0.0966666666666667,29,8,271,292,"bad"
"117",117,102,90,-0.109985094816442,2.27135532663262,0.0133333333333333,0.01,3,4,297,296,"bad"
"118",118,108,90,0,2.71305188847272,0.00333333333333333,0.00333333333333333,1,1,299,299,"bad"
"119",119,114,90,-0.222147580393988,2.82412567866971,0.00333333333333333,0.00166666666666667,0,1,300,299,"bad"
"120",120,120,90,0,2.93519946886671,0.00166666666666667,0.00166666666666667,0,0,300,300,"bad"
"121",121,6,105,0,-2.9351994688667,0.998333333333333,0.998333333333333,300,300,0,0,"bad"
"122",122,12,105,0,-2.9351994688667,0.998333333333333,0.998333333333333,300,300,0,0,"bad"
"123",123,18,105,0.222147580393978,-2.82412567866971,0.996666666666667,0.998333333333333,300,299,0,1,"bad"
"124",124,24,105,0.83225828032147,-2.29692274831199,0.97,0.996666666666667,299,291,1,9,"bad"
"125",125,30,105,1.23028786244807,-1.85959571799545,0.893333333333333,0.993333333333333,298,268,2,32,"bad"
"126",126,36,105,1.65185812384476,-1.50041881211846,0.75,0.99,297,225,3,75,"bad"
"127",127,42,105,1.68748360154033,-1.08847029102809,0.596666666666667,0.973333333333333,292,179,8,121,"bad"
"128",128,48,105,1.71174690214518,-0.788980175878881,0.473333333333333,0.95,285,142,15,158,"good"
"129",129,54,105,1.74208203918444,-0.449463384275062,0.336666666666667,0.906666666666667,272,101,28,199,"good"
"130",130,60,105,1.6739207550921,-0.273811239090733,0.286666666666667,0.866666666666667,260,86,40,214,"good"
"131",131,66,105,1.56862068451412,-0.0454634930718454,0.23,0.796666666666667,239,69,61,231,"good"
"132",132,72,105,1.64811407476059,0.170400845829457,0.16,0.743333333333333,223,48,77,252,"good"
"133",133,78,105,1.5770315679281,0.47426863233073,0.103333333333333,0.623333333333333,187,31,113,269,"good"
"134",134,84,105,1.47579102817917,0.737895514089585,0.07,0.5,150,21,150,279,"good"
"135",135,90,105,1.19806631781877,0.98435362531695,0.0566666666666667,0.35,105,17,195,283,"good"
"136",136,96,105,0.931179844172049,1.36832471372989,0.0333333333333333,0.183333333333333,55,10,245,290,"bad"
"137",137,102,105,0.098297455982344,1.88306336380709,0.0266666666666667,0.0333333333333333,10,8,290,292,"bad"
"138",138,108,105,0,2.2163627792244,0.0133333333333333,0.0133333333333333,4,4,296,296,"bad"
"139",139,114,105,-0.238312239253233,2.5938957688461,0.00666666666666667,0.00333333333333333,1,2,299,298,"bad"
"140",140,120,105,-0.460459819647221,2.70496955904309,0.00666666666666667,0.00166666666666667,0,2,300,298,"bad"
"141",141,6,120,0,-2.9351994688667,0.998333333333333,0.998333333333333,300,300,0,0,"bad"
"142",142,12,120,0,-2.9351994688667,0.998333333333333,0.998333333333333,300,300,0,0,"bad"
"143",143,18,120,0,-2.9351994688667,0.998333333333333,0.998333333333333,300,300,0,0,"bad"
"144",144,24,120,0.460459819647217,-2.70496955904309,0.993333333333333,0.998333333333333,300,298,0,2,"bad"
"145",145,30,120,0.659302977840898,-2.38340039955227,0.98,0.996666666666667,299,294,1,6,"bad"
"146",146,36,120,1.33005776137208,-2.04802300778668,0.916666666666667,0.996666666666667,299,275,1,25,"bad"
"147",147,42,120,1.65669787330703,-1.64639071256597,0.793333333333333,0.993333333333333,298,238,2,62,"bad"
"148",148,48,120,1.59535110327192,-1.25607335899586,0.676666666666667,0.98,294,203,6,97,"bad"
"149",149,54,120,1.81390033295754,-0.97384344167248,0.526666666666667,0.97,291,158,9,142,"good"
"150",150,60,120,1.76520198884478,-0.672172600174464,0.416666666666667,0.94,282,125,18,175,"good"
"151",151,66,120,1.69351171559024,-0.416028558499661,0.333333333333333,0.896666666666667,269,100,31,200,"good"
"152",152,72,120,1.61076697149462,-0.162038080354392,0.26,0.833333333333333,250,78,50,222,"good"
"153",153,78,120,1.50813770854073,0.161296233572448,0.18,0.723333333333333,217,54,83,246,"good"
"154",154,84,120,1.3797382321746,0.4365220129515,0.13,0.6,180,39,120,261,"good"
"155",155,90,120,1.1413553728106,0.730103588033625,0.0966666666666667,0.436666666666667,131,29,169,271,"good"
"156",156,96,120,0.801301277983088,1.07514038918763,0.07,0.25,75,21,225,279,"bad"
"157",157,102,120,0.178315223916701,1.49422917226798,0.0566666666666667,0.08,24,17,276,283,"bad"
"158",158,108,120,0.0400644819177594,1.77071831221105,0.0366666666666667,0.04,12,11,288,289,"bad"
"159",159,114,120,-0.074296323553162,2.0908970724084,0.02,0.0166666666666667,5,6,295,294,"bad"
"160",160,120,120,-0.585006654287733,2.42054856132885,0.0166666666666667,0.00333333333333333,1,5,299,295,"bad"
"161",161,6,135,0,-2.9351994688667,0.998333333333333,0.998333333333333,300,300,0,0,"bad"
"162",162,12,135,0,-2.9351994688667,0.998333333333333,0.998333333333333,300,300,0,0,"bad"
"163",163,18,135,0,-2.9351994688667,0.998333333333333,0.998333333333333,300,300,0,0,"bad"
"164",164,24,135,0,-2.9351994688667,0.998333333333333,0.998333333333333,300,300,0,0,"bad"
"165",165,30,135,0.222147580393978,-2.82412567866971,0.996666666666667,0.998333333333333,300,299,0,1,"bad"
"166",166,36,135,1.00298737706844,-2.43370578033248,0.973333333333333,0.998333333333333,300,292,0,8,"bad"
"167",167,42,135,1.43150032292812,-1.99730172700866,0.9,0.996666666666667,299,270,1,30,"bad"
"168",168,48,135,1.5844927619491,-1.68249326824493,0.813333333333333,0.993333333333333,298,244,2,56,"bad"
"169",169,54,135,1.66297805966873,-1.38487374939004,0.71,0.986666666666667,296,213,4,87,"bad"
"170",170,60,135,1.67448873418759,-0.996670268722119,0.563333333333333,0.966666666666667,290,169,10,131,"good"
"171",171,66,135,1.8042795285798,-0.742713862661573,0.436666666666667,0.95,285,131,15,169,"good"
"172",172,72,135,1.53200890813601,-0.460523665968606,0.38,0.89,267,114,33,186,"good"
"173",173,78,135,1.41906290401205,-0.156146732450351,0.29,0.806666666666667,242,87,58,213,"good"
"174",174,84,135,1.1778359074906,0.194582421644476,0.216666666666667,0.653333333333333,196,65,104,235,"good"
"175",175,90,135,1.03697815981159,0.409654042868263,0.176666666666667,0.543333333333333,163,53,137,247,"good"
"176",176,96,135,0.736906145694122,0.790030708164218,0.123333333333333,0.336666666666667,101,37,199,263,"bad"
"177",177,102,135,0.249944000555699,1.17580927416108,0.0966666666666667,0.146666666666667,44,29,256,271,"bad"
"178",178,108,135,0.0448617931752218,1.40542502368825,0.0766666666666667,0.0833333333333333,25,23,275,277,"bad"
"179",179,114,135,0.137327676599867,1.68202223295224,0.04,0.0533333333333333,16,12,284,288,"bad"
"180",180,120,135,-0.172955302480572,1.96727125939154,0.03,0.02,6,9,294,291,"bad"
"181",181,6,150,0,-2.9351994688667,0.998333333333333,0.998333333333333,300,300,0,0,"bad"
"182",182,12,150,0,-2.9351994688667,0.998333333333333,0.998333333333333,300,300,0,0,"bad"
"183",183,18,150,0,-2.9351994688667,0.998333333333333,0.998333333333333,300,300,0,0,"bad"
"184",184,24,150,0,-2.9351994688667,0.998333333333333,0.998333333333333,300,300,0,0,"bad"
"185",185,30,150,0,-2.9351994688667,0.998333333333333,0.998333333333333,300,300,0,0,"bad"
"186",186,36,150,0.222147580393978,-2.82412567866971,0.996666666666667,0.998333333333333,300,299,0,1,"bad"
"187",187,42,150,1.05440586071545,-2.40799653850897,0.97,0.998333333333333,300,291,0,9,"bad"
"188",188,48,150,1.45026747217794,-1.98791815238375,0.896666666666667,0.996666666666667,299,269,1,31,"bad"
"189",189,54,150,1.73220178585837,-1.84695099554353,0.836666666666667,0.996666666666667,299,251,1,49,"bad"
"190",190,60,150,1.4409359196152,-1.33328095082422,0.73,0.98,294,219,6,81,"bad"
"191",191,66,150,1.56482906888446,-1.14979755735603,0.643333333333333,0.973333333333333,292,193,8,107,"bad"
"192",192,72,150,1.44256456658834,-0.779803662749856,0.523333333333333,0.933333333333333,280,157,20,143,"good"
"193",193,78,150,1.35985381968553,-0.495059882223324,0.426666666666667,0.88,264,128,36,172,"good"
"194",194,84,150,1.09248170883234,-0.097104550976746,0.326666666666667,0.74,222,98,78,202,"good"
"195",195,90,150,1.04010379719579,0.19701416661607,0.236666666666667,0.626666666666667,188,71,112,229,"good"
"196",196,96,150,0.663784705314525,0.533785831799113,0.193333333333333,0.42,126,58,174,242,"bad"
"197",197,102,150,0.219866174125397,0.870917015551649,0.163333333333333,0.223333333333333,67,49,233,251,"bad"
"198",198,108,150,-0.0795682931363799,1.1352026454979,0.136666666666667,0.12,36,41,264,259,"bad"
"199",199,114,150,-0.14630435473126,1.35470374291023,0.1,0.0766666666666667,23,30,277,270,"bad"
"200",200,120,150,-0.362894632894069,1.60930323672289,0.0766666666666667,0.0366666666666667,11,23,289,277,"bad"
"201",201,6,165,0,-2.9351994688667,0.998333333333333,0.998333333333333,300,300,0,0,"bad"
"202",202,12,165,0,-2.9351994688667,0.998333333333333,0.998333333333333,300,300,0,0,"bad"
"203",203,18,165,0,-2.9351994688667,0.998333333333333,0.998333333333333,300,300,0,0,"bad"
"204",204,24,165,0,-2.9351994688667,0.998333333333333,0.998333333333333,300,300,0,0,"bad"
"205",205,30,165,0,-2.9351994688667,0.998333333333333,0.998333333333333,300,300,0,0,"bad"
"206",206,36,165,0,-2.9351994688667,0.998333333333333,0.998333333333333,300,300,0,0,"bad"
"207",207,42,165,0.222147580393978,-2.82412567866971,0.996666666666667,0.998333333333333,300,299,0,1,"bad"
"208",208,48,165,1.25712895064579,-2.3066349935438,0.953333333333333,0.998333333333333,300,286,0,14,"bad"
"209",209,54,165,1.57362853479111,-2.14838520147114,0.913333333333333,0.998333333333333,300,274,0,26,"bad"
"210",210,60,165,1.54659652644543,-1.70144138599677,0.823333333333333,0.993333333333333,298,247,2,53,"bad"
"211",211,66,165,1.48844948834275,-1.47213803505302,0.766666666666667,0.986666666666667,296,230,4,70,"bad"
"212",212,72,165,1.30173390971223,-1.02720356336479,0.646666666666667,0.953333333333333,286,194,14,106,"bad"
"213",213,78,165,1.1919462374014,-0.704808155738228,0.543333333333333,0.903333333333333,271,163,29,137,"good"
"214",214,84,165,1.1005004319813,-0.390824314362326,0.436666666666667,0.826666666666667,248,131,52,169,"good"
"215",215,90,165,0.871081560141918,-0.0321580190435496,0.343333333333333,0.68,204,103,96,197,"bad"
"216",216,96,165,0.659665895891628,0.262939672752105,0.276666666666667,0.526666666666667,158,83,142,217,"bad"
"217",217,102,165,0.265133581141498,0.628417137918202,0.223333333333333,0.31,93,67,207,233,"bad"
"218",218,108,165,-0.0624649383176802,0.896910653615216,0.193333333333333,0.176666666666667,53,58,247,242,"bad"
"219",219,114,165,-0.152745404588194,1.09861408977199,0.153333333333333,0.12,36,46,264,254,"bad"
"220",220,120,165,-0.183404133504447,1.33615385352364,0.106666666666667,0.0766666666666667,23,32,277,268,"bad"
"221",221,6,180,0,-2.9351994688667,0.998333333333333,0.998333333333333,300,300,0,0,"bad"
"222",222,12,180,0,-2.9351994688667,0.998333333333333,0.998333333333333,300,300,0,0,"bad"
"223",223,18,180,0,-2.9351994688667,0.998333333333333,0.998333333333333,300,300,0,0,"bad"
"224",224,24,180,0,-2.9351994688667,0.998333333333333,0.998333333333333,300,300,0,0,"bad"
"225",225,30,180,0,-2.9351994688667,0.998333333333333,0.998333333333333,300,300,0,0,"bad"
"226",226,36,180,0,-2.9351994688667,0.998333333333333,0.998333333333333,300,300,0,0,"bad"
"227",227,42,180,0,-2.9351994688667,0.998333333333333,0.998333333333333,300,300,0,0,"bad"
"228",228,48,180,0.608851594825858,-2.63077367145377,0.99,0.998333333333333,300,297,0,3,"bad"
"229",229,54,180,1.18451339761453,-2.34294277005943,0.96,0.998333333333333,300,288,0,12,"bad"
"230",230,60,180,1.35148095439714,-2.03731141127415,0.913333333333333,0.996666666666667,299,274,1,26,"bad"
"231",231,66,180,1.24602853322588,-1.7033336074279,0.86,0.99,297,258,3,42,"bad"
"232",232,72,180,1.23944353714267,-1.36959122231199,0.773333333333333,0.976666666666667,293,232,7,68,"bad"
"233",233,78,180,1.11750804730485,-1.05460437099988,0.69,0.946666666666667,284,207,16,93,"bad"
"234",234,84,180,0.939505115183719,-0.68873122341942,0.586666666666667,0.876666666666667,263,176,37,124,"bad"
"235",235,90,180,0.73049132438092,-0.373601186994753,0.503333333333333,0.77,231,151,69,149,"bad"
"236",236,96,180,0.535277027701903,-0.0997445090628463,0.433333333333333,0.643333333333333,193,130,107,170,"bad"
"237",237,102,180,0.277091489562849,0.255789787319398,0.346666666666667,0.453333333333333,136,104,164,196,"bad"
"238",238,108,180,-0.0502610588237236,0.607972036683078,0.28,0.263333333333333,79,84,221,216,"bad"
"239",239,114,180,-0.0785079561365963,0.767167268949942,0.233333333333333,0.21,63,70,237,230,"bad"
"240",240,120,180,-0.128779698753377,0.930068033833064,0.193333333333333,0.16,48,58,252,242,"bad"
"241",241,6,195,0,-2.9351994688667,0.998333333333333,0.998333333333333,300,300,0,0,"bad"
"242",242,12,195,0,-2.9351994688667,0.998333333333333,0.998333333333333,300,300,0,0,"bad"
"243",243,18,195,0,-2.9351994688667,0.998333333333333,0.998333333333333,300,300,0,0,"bad"
"244",244,24,195,0,-2.9351994688667,0.998333333333333,0.998333333333333,300,300,0,0,"bad"
"245",245,30,195,0,-2.9351994688667,0.998333333333333,0.998333333333333,300,300,0,0,"bad"
"246",246,36,195,0,-2.9351994688667,0.998333333333333,0.998333333333333,300,300,0,0,"bad"
"247",247,42,195,0,-2.9351994688667,0.998333333333333,0.998333333333333,300,300,0,0,"bad"
"248",248,48,195,0.222147580393978,-2.82412567866971,0.996666666666667,0.998333333333333,300,299,0,1,"bad"
"249",249,54,195,0.7188366896423,-2.57578112404555,0.986666666666667,0.998333333333333,300,296,0,4,"bad"
"250",250,60,195,1.18451339761453,-2.34294277005943,0.96,0.998333333333333,300,288,0,12,"bad"
"251",251,66,195,1.40781995134311,-2.23128949319514,0.936666666666667,0.998333333333333,300,281,0,19,"bad"
"252",252,72,195,1.09981975400423,-1.77643799703873,0.89,0.99,297,267,3,33,"bad"
"253",253,78,195,1.2377983469146,-1.50914606072768,0.813333333333333,0.983333333333333,295,244,5,56,"bad"
"254",254,84,195,1.00054527695512,-1.08311414574877,0.72,0.943333333333333,283,216,17,84,"bad"
"255",255,90,195,0.631915738662004,-0.692294477839678,0.646666666666667,0.843333333333333,253,194,47,106,"bad"
"256",256,96,195,0.477101198507983,-0.364211946109066,0.55,0.726666666666667,218,165,82,135,"bad"
"257",257,102,195,0.192554622048784,-0.0293840358306824,0.473333333333333,0.55,165,142,135,158,"bad"
"258",258,108,195,0.0260329362635674,0.275001044431857,0.386666666666667,0.396666666666667,119,116,181,184,"bad"
"259",259,114,195,-0.0376222893993431,0.48650994381418,0.32,0.306666666666667,92,96,208,204,"bad"
"260",260,120,195,-0.0204196821828292,0.633135564301502,0.266666666666667,0.26,78,80,222,220,"bad"
"261",261,6,210,0,-2.9351994688667,0.998333333333333,0.998333333333333,300,300,0,0,"bad"
"262",262,12,210,0,-2.9351994688667,0.998333333333333,0.998333333333333,300,300,0,0,"bad"
"263",263,18,210,0,-2.9351994688667,0.998333333333333,0.998333333333333,300,300,0,0,"bad"
"264",264,24,210,0,-2.9351994688667,0.998333333333333,0.998333333333333,300,300,0,0,"bad"
"265",265,30,210,0,-2.9351994688667,0.998333333333333,0.998333333333333,300,300,0,0,"bad"
"266",266,36,210,0,-2.9351994688667,0.998333333333333,0.998333333333333,300,300,0,0,"bad"
"267",267,42,210,0,-2.9351994688667,0.998333333333333,0.998333333333333,300,300,0,0,"bad"
"268",268,48,210,0,-2.9351994688667,0.998333333333333,0.998333333333333,300,300,0,0,"bad"
"269",269,54,210,0,-2.9351994688667,0.998333333333333,0.998333333333333,300,300,0,0,"bad"
"270",270,60,210,0.460459819647217,-2.70496955904309,0.993333333333333,0.998333333333333,300,298,0,2,"bad"
"271",271,66,210,0.7188366896423,-2.57578112404555,0.986666666666667,0.998333333333333,300,296,0,4,"bad"
"272",272,72,210,1.10128483305078,-2.38455705234131,0.966666666666667,0.998333333333333,300,290,0,10,"bad"
"273",273,78,210,0.788506858948539,-1.82210934975013,0.923333333333333,0.986666666666667,296,277,4,23,"bad"
"274",274,84,210,0.768452091471536,-1.44968859008015,0.856666666666667,0.966666666666667,290,257,10,43,"bad"
"275",275,90,210,0.459120599830267,-0.979429753655789,0.773333333333333,0.886666666666667,266,232,34,68,"bad"
"276",276,96,210,0.406884444296412,-0.699292569495659,0.69,0.816666666666667,245,207,55,93,"bad"
"277",277,102,210,0.0532988765268497,-0.349687170245251,0.626666666666667,0.646666666666667,194,188,106,112,"bad"
"278",278,108,210,-0.0501448226207474,-0.0167168865060802,0.516666666666667,0.496666666666667,149,155,151,145,"bad"
"279",279,114,210,-0.05135524436532,0.219050868075264,0.423333333333333,0.403333333333333,121,127,179,173,"bad"
"280",280,120,210,-0.0903501442010992,0.394738093572684,0.363333333333333,0.33,99,109,201,191,"bad"
"281",281,6,225,0,-2.9351994688667,0.998333333333333,0.998333333333333,300,300,0,0,"bad"
"282",282,12,225,0,-2.9351994688667,0.998333333333333,0.998333333333333,300,300,0,0,"bad"
"283",283,18,225,0,-2.9351994688667,0.998333333333333,0.998333333333333,300,300,0,0,"bad"
"284",284,24,225,0,-2.9351994688667,0.998333333333333,0.998333333333333,300,300,0,0,"bad"
"285",285,30,225,0,-2.9351994688667,0.998333333333333,0.998333333333333,300,300,0,0,"bad"
"286",286,36,225,0,-2.9351994688667,0.998333333333333,0.998333333333333,300,300,0,0,"bad"
"287",287,42,225,0,-2.9351994688667,0.998333333333333,0.998333333333333,300,300,0,0,"bad"
"288",288,48,225,0,-2.9351994688667,0.998333333333333,0.998333333333333,300,300,0,0,"bad"
"289",289,54,225,0,-2.9351994688667,0.998333333333333,0.998333333333333,300,300,0,0,"bad"
"290",290,60,225,0,-2.9351994688667,0.998333333333333,0.998333333333333,300,300,0,0,"bad"
"291",291,66,225,0.222147580393978,-2.82412567866971,0.996666666666667,0.998333333333333,300,299,0,1,"bad"
"292",292,72,225,0.807154234681715,-2.53162235152584,0.983333333333333,0.998333333333333,300,295,0,5,"bad"
"293",293,78,225,0.603004384572096,-1.91486058693835,0.946666666666667,0.986666666666667,296,284,4,16,"bad"
"294",294,84,225,0.745051107084345,-1.75551968064281,0.916666666666667,0.983333333333333,295,275,5,25,"bad"
"295",295,90,225,0.340635006170506,-1.28108911972204,0.866666666666667,0.926666666666667,278,260,22,40,"bad"
"296",296,96,225,0.304895823499707,-1.00603586926143,0.803333333333333,0.876666666666667,263,241,37,59,"bad"
"297",297,102,225,0.0612743977312979,-0.633399744228706,0.726666666666667,0.746666666666667,224,218,76,82,"bad"
"298",298,108,225,-0.123335890107495,-0.32365252135382,0.65,0.603333333333333,181,195,119,105,"bad"
"299",299,114,225,-0.159234945436262,-0.0629058397193825,0.556666666666667,0.493333333333333,148,167,152,133,"bad"
"300",300,120,225,-0.117740421323372,0.10902379412642,0.48,0.433333333333333,130,144,170,156,"bad"
"301",301,6,240,0,-2.9351994688667,0.998333333333333,0.998333333333333,300,300,0,0,"bad"
"302",302,12,240,0,-2.9351994688667,0.998333333333333,0.998333333333333,300,300,0,0,"bad"
"303",303,18,240,0,-2.9351994688667,0.998333333333333,0.998333333333333,300,300,0,0,"bad"
"304",304,24,240,0,-2.9351994688667,0.998333333333333,0.998333333333333,300,300,0,0,"bad"
"305",305,30,240,0,-2.9351994688667,0.998333333333333,0.998333333333333,300,300,0,0,"bad"
"306",306,36,240,0,-2.9351994688667,0.998333333333333,0.998333333333333,300,300,0,0,"bad"
"307",307,42,240,0,-2.9351994688667,0.998333333333333,0.998333333333333,300,300,0,0,"bad"
"308",308,48,240,0,-2.9351994688667,0.998333333333333,0.998333333333333,300,300,0,0,"bad"
"309",309,54,240,0,-2.9351994688667,0.998333333333333,0.998333333333333,300,300,0,0,"bad"
"310",310,60,240,0,-2.9351994688667,0.998333333333333,0.998333333333333,300,300,0,0,"bad"
"311",311,66,240,0,-2.9351994688667,0.998333333333333,0.998333333333333,300,300,0,0,"bad"
"312",312,72,240,0.608851594825858,-2.63077367145377,0.99,0.998333333333333,300,297,0,3,"bad"
"313",313,78,240,0.346694415034498,-2.30139244170223,0.983333333333333,0.993333333333333,298,295,2,5,"bad"
"314",314,84,240,0.394135782242582,-2.12927998291955,0.973333333333333,0.99,297,292,3,8,"bad"
"315",315,90,240,0.379707662107226,-1.69093977709764,0.933333333333333,0.97,291,280,9,20,"bad"
"316",316,96,240,0.424903003215054,-1.37093528261881,0.876666666666667,0.943333333333333,283,263,17,37,"bad"
"317",317,102,240,0.0257094425101623,-0.928219809097895,0.82,0.826666666666667,248,246,52,54,"bad"
"318",318,108,240,-0.138818818051226,-0.584246782525227,0.743333333333333,0.696666666666667,209,223,91,77,"bad"
"319",319,114,240,-0.183907137852898,-0.302381963174374,0.653333333333333,0.583333333333333,175,196,125,104,"bad"
"320",320,120,240,-0.0841560395284947,-0.117347881864077,0.563333333333333,0.53,159,169,141,131,"bad"
"321",321,6,255,0,-2.9351994688667,0.998333333333333,0.998333333333333,300,300,0,0,"bad"
"322",322,12,255,0,-2.9351994688667,0.998333333333333,0.998333333333333,300,300,0,0,"bad"
"323",323,18,255,0,-2.9351994688667,0.998333333333333,0.998333333333333,300,300,0,0,"bad"
"324",324,24,255,0,-2.9351994688667,0.998333333333333,0.998333333333333,300,300,0,0,"bad"
"325",325,30,255,0,-2.9351994688667,0.998333333333333,0.998333333333333,300,300,0,0,"bad"
"326",326,36,255,0,-2.9351994688667,0.998333333333333,0.998333333333333,300,300,0,0,"bad"
"327",327,42,255,0,-2.9351994688667,0.998333333333333,0.998333333333333,300,300,0,0,"bad"
"328",328,48,255,0,-2.9351994688667,0.998333333333333,0.998333333333333,300,300,0,0,"bad"
"329",329,54,255,0,-2.9351994688667,0.998333333333333,0.998333333333333,300,300,0,0,"bad"
"330",330,60,255,0,-2.9351994688667,0.998333333333333,0.998333333333333,300,300,0,0,"bad"
"331",331,66,255,0,-2.9351994688667,0.998333333333333,0.998333333333333,300,300,0,0,"bad"
"332",332,72,255,0,-2.9351994688667,0.998333333333333,0.998333333333333,300,300,0,0,"bad"
"333",333,78,255,0.38670401443188,-2.51969988125678,0.99,0.996666666666667,299,297,1,3,"bad"
"334",334,84,255,0.148391775178641,-2.40054376163016,0.99,0.993333333333333,298,297,2,3,"bad"
"335",335,90,255,0,-1.98931299088332,0.976666666666667,0.976666666666667,293,293,7,7,"bad"
"336",336,96,255,0.0726155530312607,-1.71437829473654,0.953333333333333,0.96,288,286,12,14,"bad"
"337",337,102,255,0.0760526170958669,-1.28247809531935,0.893333333333333,0.906666666666667,272,268,28,32,"bad"
"338",338,108,255,-0.137647730772797,-0.898597700715303,0.833333333333333,0.796666666666667,239,250,61,50,"bad"
"339",339,114,255,-0.154415183656723,-0.535605399188266,0.73,0.676666666666667,203,219,97,81,"bad"
"340",340,120,255,-0.089425397459579,-0.367750430711615,0.66,0.626666666666667,188,198,112,102,"bad"
"341",341,6,270,0,-2.9351994688667,0.998333333333333,0.998333333333333,300,300,0,0,"bad"
"342",342,12,270,0,-2.9351994688667,0.998333333333333,0.998333333333333,300,300,0,0,"bad"
"343",343,18,270,0,-2.9351994688667,0.998333333333333,0.998333333333333,300,300,0,0,"bad"
"344",344,24,270,0,-2.9351994688667,0.998333333333333,0.998333333333333,300,300,0,0,"bad"
"345",345,30,270,0,-2.9351994688667,0.998333333333333,0.998333333333333,300,300,0,0,"bad"
"346",346,36,270,0,-2.9351994688667,0.998333333333333,0.998333333333333,300,300,0,0,"bad"
"347",347,42,270,0,-2.9351994688667,0.998333333333333,0.998333333333333,300,300,0,0,"bad"
"348",348,48,270,0,-2.9351994688667,0.998333333333333,0.998333333333333,300,300,0,0,"bad"
"349",349,54,270,0,-2.9351994688667,0.998333333333333,0.998333333333333,300,300,0,0,"bad"
"350",350,60,270,0,-2.9351994688667,0.998333333333333,0.998333333333333,300,300,0,0,"bad"
"351",351,66,270,0,-2.9351994688667,0.998333333333333,0.998333333333333,300,300,0,0,"bad"
"352",352,72,270,0,-2.9351994688667,0.998333333333333,0.998333333333333,300,300,0,0,"bad"
"353",353,78,270,0,-2.9351994688667,0.998333333333333,0.998333333333333,300,300,0,0,"bad"
"354",354,84,270,-0.222147580393978,-2.82412567866971,0.998333333333333,0.996666666666667,299,300,1,0,"bad"
"355",355,90,270,-0.238312239253239,-2.5938957688461,0.996666666666667,0.993333333333333,298,299,2,1,"bad"
"356",356,96,270,-0.195833142386725,-2.03012866299162,0.983333333333333,0.973333333333333,292,295,8,5,"bad"
"357",357,102,270,-0.0900800323546187,-1.59981361077416,0.95,0.94,282,285,18,15,"bad"
"358",358,108,270,-0.225085904937571,-1.20796145139849,0.906666666666667,0.863333333333333,259,272,41,28,"bad"
"359",359,114,270,-0.172512958169516,-0.881165087016943,0.833333333333333,0.786666666666667,236,250,64,50,"bad"
"360",360,120,270,-0.164764152426325,-0.645531214668482,0.766666666666667,0.713333333333333,214,230,86,70,"bad"
"361",361,6,285,0,-2.9351994688667,0.998333333333333,0.998333333333333,300,300,0,0,"bad"
"362",362,12,285,0,-2.9351994688667,0.998333333333333,0.998333333333333,300,300,0,0,"bad"
"363",363,18,285,0,-2.9351994688667,0.998333333333333,0.998333333333333,300,300,0,0,"bad"
"364",364,24,285,0,-2.9351994688667,0.998333333333333,0.998333333333333,300,300,0,0,"bad"
"365",365,30,285,0,-2.9351994688667,0.998333333333333,0.998333333333333,300,300,0,0,"bad"
"366",366,36,285,0,-2.9351994688667,0.998333333333333,0.998333333333333,300,300,0,0,"bad"
"367",367,42,285,0,-2.9351994688667,0.998333333333333,0.998333333333333,300,300,0,0,"bad"
"368",368,48,285,0,-2.9351994688667,0.998333333333333,0.998333333333333,300,300,0,0,"bad"
"369",369,54,285,0,-2.9351994688667,0.998333333333333,0.998333333333333,300,300,0,0,"bad"
"370",370,60,285,0,-2.9351994688667,0.998333333333333,0.998333333333333,300,300,0,0,"bad"
"371",371,66,285,0,-2.9351994688667,0.998333333333333,0.998333333333333,300,300,0,0,"bad"
"372",372,72,285,0,-2.9351994688667,0.998333333333333,0.998333333333333,300,300,0,0,"bad"
"373",373,78,285,0,-2.9351994688667,0.998333333333333,0.998333333333333,300,300,0,0,"bad"
"374",374,84,285,0,-2.9351994688667,0.998333333333333,0.998333333333333,300,300,0,0,"bad"
"375",375,90,285,-0.222147580393978,-2.82412567866971,0.998333333333333,0.996666666666667,299,300,1,0,"bad"
"376",376,96,285,-0.496689109248321,-2.46470733384856,0.996666666666667,0.986666666666667,296,299,4,1,"bad"
"377",377,102,285,-0.613098472412768,-2.01979863783446,0.99,0.956666666666667,287,297,13,3,"bad"
"378",378,108,285,-0.261859499850833,-1.51392387702606,0.95,0.916666666666667,275,285,25,15,"bad"
"379",379,114,285,-0.186133066614891,-1.18848503223716,0.9,0.863333333333333,259,270,41,30,"bad"
"380",380,120,285,-0.130356052119451,-0.943074321110954,0.843333333333333,0.81,243,253,57,47,"bad"
"381",381,6,300,0,-2.9351994688667,0.998333333333333,0.998333333333333,300,300,0,0,"bad"
"382",382,12,300,0,-2.9351994688667,0.998333333333333,0.998333333333333,300,300,0,0,"bad"
"383",383,18,300,0,-2.9351994688667,0.998333333333333,0.998333333333333,300,300,0,0,"bad"
"384",384,24,300,0,-2.9351994688667,0.998333333333333,0.998333333333333,300,300,0,0,"bad"
"385",385,30,300,0,-2.9351994688667,0.998333333333333,0.998333333333333,300,300,0,0,"bad"
"386",386,36,300,0,-2.9351994688667,0.998333333333333,0.998333333333333,300,300,0,0,"bad"
"387",387,42,300,0,-2.9351994688667,0.998333333333333,0.998333333333333,300,300,0,0,"bad"
"388",388,48,300,0,-2.9351994688667,0.998333333333333,0.998333333333333,300,300,0,0,"bad"
"389",389,54,300,0,-2.9351994688667,0.998333333333333,0.998333333333333,300,300,0,0,"bad"
"390",390,60,300,0,-2.9351994688667,0.998333333333333,0.998333333333333,300,300,0,0,"bad"
"391",391,66,300,0,-2.9351994688667,0.998333333333333,0.998333333333333,300,300,0,0,"bad"
"392",392,72,300,0,-2.9351994688667,0.998333333333333,0.998333333333333,300,300,0,0,"bad"
"393",393,78,300,0,-2.9351994688667,0.998333333333333,0.998333333333333,300,300,0,0,"bad"
"394",394,84,300,0,-2.9351994688667,0.998333333333333,0.998333333333333,300,300,0,0,"bad"
"395",395,90,300,0,-2.9351994688667,0.998333333333333,0.998333333333333,300,300,0,0,"bad"
"396",396,96,300,-0.238312239253239,-2.5938957688461,0.996666666666667,0.993333333333333,298,299,2,1,"bad"
"397",397,102,300,-0.420990738587659,-2.26424427992565,0.993333333333333,0.98,294,298,6,2,"bad"
"398",398,108,300,-0.40592620665699,-1.78634988755483,0.976666666666667,0.943333333333333,283,293,17,7,"bad"
"399",399,114,300,-0.253992320157927,-1.42777743451789,0.94,0.903333333333333,271,282,29,18,"bad"
"400",400,120,300,-0.162020622856001,-1.23949409243928,0.906666666666667,0.876666666666667,263,272,37,28,"bad"
